url,status,title,build,ok,final_url,last_modified,note
https://waypointstudio.org/,200,Waypoint Studio,761b202,True,https://waypointstudio.org/,"Sun, 19 Jul 2026 16:28:05 GMT",
https://waypointstudio.org/index.html,200,Waypoint Studio,761b202,True,https://waypointstudio.org/index.html,"Sun, 19 Jul 2026 16:28:05 GMT",
https://waypointstudio.org/kiosk.html,200,Waypoint Studio — Kiosk,761b202,True,https://waypointstudio.org/kiosk.html,"Sun, 19 Jul 2026 16:28:05 GMT",
https://waypointstudio.org/contact.html,200,Contact — Waypoint Studio,local,True,https://waypointstudio.org/contact.html,"Sun, 19 Jul 2026 16:28:05 GMT",
https://waypointstudio.org/support.html,200,Support — Waypoint Studio,local,True,https://waypointstudio.org/support.html,"Sun, 19 Jul 2026 16:28:05 GMT",
https://waypointstudio.org/about.html,200,About — Waypoint Studio,local,True,https://waypointstudio.org/about.html,"Sun, 19 Jul 2026 16:28:05 GMT",
https://waypointstudio.org/privacy.html,200,Privacy — Waypoint Studio,local,True,https://waypointstudio.org/privacy.html,"Sun, 19 Jul 2026 16:28:05 GMT",
https://waypointstudio.org/knowledge.html,200,Waypoint Knowledge — Waypoint Studio,local,True,https://waypointstudio.org/knowledge.html,"Sun, 19 Jul 2026 16:28:05 GMT",
https://waypointstudio.org/settings.html,200,Settings — Waypoint Studio,local,True,https://waypointstudio.org/settings.html,"Sun, 19 Jul 2026 16:28:05 GMT",
https://waypointstudio.org/map/,200,Redirecting to Sheds map — Waypoint Studio,,True,https://waypointstudio.org/map/,"Sun, 19 Jul 2026 16:28:05 GMT",
https://waypointstudio.org/apps/dashboard/,200,Dashboard — Waypoint Studio,761b202,True,https://waypointstudio.org/apps/dashboard/,"Sun, 19 Jul 2026 16:28:05 GMT",
https://waypointstudio.org/apps/fieldry/,200,Fieldry — Life List · Waypoint Studio,761b202,True,https://waypointstudio.org/apps/fieldry/,"Sun, 19 Jul 2026 16:28:05 GMT",
https://waypointstudio.org/apps/scenes/,200,Waypoint Scenes — Photography · Waypoint Studio,761b202,True,https://waypointstudio.org/apps/scenes/,"Sun, 19 Jul 2026 16:28:05 GMT",
https://waypointstudio.org/apps/shed-hunting/,200,Sheds — Waypoint Studio,761b202,True,https://waypointstudio.org/apps/shed-hunting/,"Sun, 19 Jul 2026 16:28:05 GMT",
https://waypointstudio.org/apps/foragecast/,200,ForageCast — What should I look for today?,761b202,True,https://waypointstudio.org/apps/foragecast/,"Sun, 19 Jul 2026 16:28:05 GMT",
https://waypointstudio.org/apps/steepleaf/,200,Steepleaf — Waypoint Studio,761b202,True,https://waypointstudio.org/apps/steepleaf/,"Sun, 19 Jul 2026 16:28:05 GMT",
https://waypointstudio.org/apps/waypoint-volunteer/,200,Waypoint Volunteer — Waypoint Studio,761b202,True,https://waypointstudio.org/apps/waypoint-volunteer/,"Sun, 19 Jul 2026 16:28:05 GMT",
https://waypointstudio.org/apps/signalterrain/,200,SignalTerrain — Waypoint Studio,761b202,True,https://waypointstudio.org/apps/signalterrain/,"Sun, 19 Jul 2026 16:28:05 GMT",
https://waypointstudio.org/apps/savant-sommelier/,200,Discover — Savant Sommelier,761b202,True,https://waypointstudio.org/apps/savant-sommelier/,"Sun, 19 Jul 2026 16:28:05 GMT",
https://waypointstudio.org/contact.html?category=bug&subject=Bug%20report&includeTech=1,200,Contact — Waypoint Studio,local,True,https://waypointstudio.org/contact.html?category=bug&subject=Bug%20report&includeTech=1,"Sun, 19 Jul 2026 16:28:05 GMT",
https://waypointstudio.org/contact.html?category=feature&subject=Feature%20request,200,Contact — Waypoint Studio,local,True,https://waypointstudio.org/contact.html?category=feature&subject=Feature%20request,"Sun, 19 Jul 2026 16:28:05 GMT",
https://waypointstudio.org/contact.html?category=scientific&subject=Scientific%20correction,200,Contact — Waypoint Studio,local,True,https://waypointstudio.org/contact.html?category=scientific&subject=Scientific%20correction,"Sun, 19 Jul 2026 16:28:05 GMT",
https://waypointstudio.org/contact.html?category=bug&includeTech=1&subject=Bug%20report,200,Contact — Waypoint Studio,local,True,https://waypointstudio.org/contact.html?category=bug&includeTech=1&subject=Bug%20report,"Sun, 19 Jul 2026 16:28:05 GMT",
https://waypointstudio.org/dashboard.html,200,Dashboard — redirect,761b202,True,https://waypointstudio.org/dashboard.html,"Sun, 19 Jul 2026 16:28:05 GMT",
https://waypointstudio.org/apps/photo-coach/,200,Photo Coach — Waypoint Scenes · Waypoint Studio,761b202,True,https://waypointstudio.org/apps/photo-coach/,"Sun, 19 Jul 2026 16:28:05 GMT",
https://waypointstudio.org/docs/WAYPOINT-KNOWLEDGE-PLATFORM.md,200,,,True,https://waypointstudio.org/docs/WAYPOINT-KNOWLEDGE-PLATFORM.md,"Sun, 19 Jul 2026 16:28:05 GMT",
https://waypointstudio.org/docs/WAYPOINT-EDITORIAL-STANDARDS.md,200,,,True,https://waypointstudio.org/docs/WAYPOINT-EDITORIAL-STANDARDS.md,"Sun, 19 Jul 2026 16:28:05 GMT",
https://waypointstudio.org/apps/shed-hunting/map/,200,Sheds — Waypoint Studio,local,True,https://waypointstudio.org/apps/shed-hunting/map/,"Sun, 19 Jul 2026 16:28:05 GMT",
https://waypointstudio.org/apps/hidden-landscapes/,200,Hidden Landscapes Studio — Waypoint Scenes · Waypoint Studio,local,True,https://waypointstudio.org/apps/hidden-landscapes/,"Sun, 19 Jul 2026 16:28:05 GMT",
https://waypointstudio.org/apps/scenes/living-scenes/,200,Living Scenes — Waypoint Scenes · Waypoint Studio,local,True,https://waypointstudio.org/apps/scenes/living-scenes/,"Sun, 19 Jul 2026 16:28:05 GMT",
https://waypointstudio.org/apps/scenes/scene-builder/,200,Scene Builder — Waypoint Scenes · Waypoint Studio,local,True,https://waypointstudio.org/apps/scenes/scene-builder/,"Sun, 19 Jul 2026 16:28:05 GMT",
https://waypointstudio.org/apps/scenes/photographer-profile/,200,Photographer Profile — Waypoint Scenes · Waypoint Studio,local,True,https://waypointstudio.org/apps/scenes/photographer-profile/,"Sun, 19 Jul 2026 16:28:05 GMT",
https://waypointstudio.org/apps/photo-library/,200,Photo Library — Waypoint Scenes · Waypoint Studio,local,True,https://waypointstudio.org/apps/photo-library/,"Sun, 19 Jul 2026 16:28:05 GMT",
https://waypointstudio.org/apps/steepleaf/explore/,200,Explore — Steepleaf,761b202,True,https://waypointstudio.org/apps/steepleaf/explore/,"Sun, 19 Jul 2026 16:28:05 GMT",
https://waypointstudio.org/apps/steepleaf/entity/?id=stl_tea-longjing-shifeng,200,Entity — Steepleaf,761b202,True,https://waypointstudio.org/apps/steepleaf/entity/?id=stl_tea-longjing-shifeng,"Sun, 19 Jul 2026 16:28:05 GMT",
https://waypointstudio.org/apps/waypoint-volunteer/discover.html,200,What good can I do today? — Waypoint Volunteer,761b202,True,https://waypointstudio.org/apps/waypoint-volunteer/discover.html,"Sun, 19 Jul 2026 16:28:05 GMT",
https://waypointstudio.org/apps/signalterrain/summary.html,200,Intelligence Summary — SignalTerrain,761b202,True,https://waypointstudio.org/apps/signalterrain/summary.html,"Sun, 19 Jul 2026 16:28:05 GMT",
https://waypointstudio.org/apps/signalterrain/cyber/,200,Cyber Awareness — SignalTerrain,761b202,True,https://waypointstudio.org/apps/signalterrain/cyber/,"Sun, 19 Jul 2026 16:28:05 GMT",
https://waypointstudio.org/apps/signalterrain/topics.html,200,Topics — SignalTerrain,761b202,True,https://waypointstudio.org/apps/signalterrain/topics.html,"Sun, 19 Jul 2026 16:28:05 GMT",
https://waypointstudio.org/apps/signalterrain/graph.html,200,Knowledge Graph — SignalTerrain,761b202,True,https://waypointstudio.org/apps/signalterrain/graph.html,"Sun, 19 Jul 2026 16:28:05 GMT",
https://waypointstudio.org/contact.html?category=bug&app=shed-hunting&includeTech=1&subject=Sheds%20bug%20report,200,Contact — Waypoint Studio,local,True,https://waypointstudio.org/contact.html?category=bug&app=shed-hunting&includeTech=1&subject=Sheds%20bug%20report,"Sun, 19 Jul 2026 16:28:05 GMT",
https://waypointstudio.org/contact.html?category=feature&app=shed-hunting&subject=Sheds%20feature%20request,200,Contact — Waypoint Studio,local,True,https://waypointstudio.org/contact.html?category=feature&app=shed-hunting&subject=Sheds%20feature%20request,"Sun, 19 Jul 2026 16:28:05 GMT",
https://waypointstudio.org/apps/hidden-landscapes/gallery.html,200,Gallery — Hidden Landscapes · Waypoint Studio,local,True,https://waypointstudio.org/apps/hidden-landscapes/gallery.html,"Sun, 19 Jul 2026 16:28:05 GMT",
https://waypointstudio.org/apps/hidden-landscapes/learn.html,200,Learn — Hidden Landscapes · Waypoint Studio,local,True,https://waypointstudio.org/apps/hidden-landscapes/learn.html,"Sun, 19 Jul 2026 16:28:05 GMT",
https://waypointstudio.org/apps/animal-vision/,200,Animal Vision — Waypoint Scenes · Waypoint Studio,local,True,https://waypointstudio.org/apps/animal-vision/,"Sun, 19 Jul 2026 16:28:05 GMT",
https://waypointstudio.org/apps/scenes/photo-coach/,200,Photo Coach — Redirect,local,True,https://waypointstudio.org/apps/scenes/photo-coach/,"Sun, 19 Jul 2026 16:28:05 GMT",
https://waypointstudio.org/apps/scenes/hidden-landscapes/,200,Hidden Landscapes — Redirect,local,True,https://waypointstudio.org/apps/scenes/hidden-landscapes/,"Sun, 19 Jul 2026 16:28:05 GMT",
https://waypointstudio.org/apps/waypoint-scenes/,200,Waypoint Scenes — Bring Nature to Life,761b202,True,https://waypointstudio.org/apps/waypoint-scenes/,"Sun, 19 Jul 2026 16:28:05 GMT",
https://waypointstudio.org/apps/photo-coach/profile/,200,Photographer Profile — Waypoint Scenes · Waypoint Studio,761b202,True,https://waypointstudio.org/apps/photo-coach/profile/,"Sun, 19 Jul 2026 16:28:05 GMT",
https://waypointstudio.org/apps/signalterrain/cyber/live.html,200,Cyber Intelligence — SignalTerrain,local,True,https://waypointstudio.org/apps/signalterrain/cyber/live.html,"Sun, 19 Jul 2026 16:28:05 GMT",
https://waypointstudio.org/apps/signalterrain/cyber/teaching.html,200,Cyber Teaching Samples — SignalTerrain,local,True,https://waypointstudio.org/apps/signalterrain/cyber/teaching.html,"Sun, 19 Jul 2026 16:28:05 GMT",
https://waypointstudio.org/apps/signalterrain/cyber/workspace.html,200,Cyber Operations Workspace — SignalTerrain,local,True,https://waypointstudio.org/apps/signalterrain/cyber/workspace.html,"Sun, 19 Jul 2026 16:28:05 GMT",
https://waypointstudio.org/apps/signalterrain/cyber/brief.html,200,Daily Cyber Brief — SignalTerrain,761b202,True,https://waypointstudio.org/apps/signalterrain/cyber/brief.html,"Sun, 19 Jul 2026 16:28:05 GMT",
https://waypointstudio.org/apps/signalterrain/cyber/explorer.html,200,Cyber Intelligence Explorer — SignalTerrain,761b202,True,https://waypointstudio.org/apps/signalterrain/cyber/explorer.html,"Sun, 19 Jul 2026 16:28:05 GMT",
https://waypointstudio.org/apps/signalterrain/cyber/advisor.html,200,Adaptive Defense Advisor — SignalTerrain,local,True,https://waypointstudio.org/apps/signalterrain/cyber/advisor.html,"Sun, 19 Jul 2026 16:28:05 GMT",
https://waypointstudio.org/apps/signalterrain/cyber/knowledge.html,200,Defensive Knowledge — SignalTerrain,local,True,https://waypointstudio.org/apps/signalterrain/cyber/knowledge.html,"Sun, 19 Jul 2026 16:28:05 GMT",
https://waypointstudio.org/apps/signalterrain/cyber/ingest-health.html,200,Cyber Ingest Health — SignalTerrain (internal),761b202,True,https://waypointstudio.org/apps/signalterrain/cyber/ingest-health.html,"Sun, 19 Jul 2026 16:28:05 GMT",
https://waypointstudio.org/apps/landscape-interpretation/,404,Page not found — Waypoint Studio,,False,https://waypointstudio.org/apps/landscape-interpretation/,,expected-route-probe
https://waypointstudio.org/apps/landscape-interpretation/field.html,404,Page not found — Waypoint Studio,,False,https://waypointstudio.org/apps/landscape-interpretation/field.html,,expected-route-probe
https://waypointstudio.org/apps/landscape-interpretation/learn.html,404,Page not found — Waypoint Studio,,False,https://waypointstudio.org/apps/landscape-interpretation/learn.html,,expected-route-probe
https://waypointstudio.org/apps/scholar/,404,Page not found — Waypoint Studio,,False,https://waypointstudio.org/apps/scholar/,,expected-route-probe
https://waypointstudio.org/apps/university/,404,Page not found — Waypoint Studio,,False,https://waypointstudio.org/apps/university/,,expected-route-probe
https://waypointstudio.org/data/live.json,200,,,True,https://waypointstudio.org/data/live.json,"Sun, 19 Jul 2026 16:28:05 GMT",expected-route-probe
https://waypointstudio.org/data/health.json,200,,,True,https://waypointstudio.org/data/health.json,"Sun, 19 Jul 2026 16:28:05 GMT",expected-route-probe
